文件,摄影者/来源,原图页面,使用许可,许可链接,使用页码
tablet-hand.jpg,Towfiqu barbhuiya,https://www.pexels.com/photo/hand-holding-a-pill-15703464/,Pexels License,https://www.pexels.com/license/,1、2、22、27
pill-bottle.jpg,Pexels photo 16051935,https://www.pexels.com/photo/16051935/,Pexels License,https://www.pexels.com/license/,6、9、14、18、21、22
college-campus.jpg,George Pak,https://www.pexels.com/photo/7972512/,Pexels License,https://www.pexels.com/license/,5、15
evening.jpg,LZ Jian,https://www.pexels.com/photo/black-lamp-beside-bed-5968800/,Pexels License,https://www.pexels.com/license/,16
pharmacy-01.jpg,Árpád Czapp,https://unsplash.com/photos/a-room-filled-with-lots-of-shelves-filled-with-boxes-and-boxes-tvP6pCnq9iI,Unsplash License,https://unsplash.com/license,5、22、25、28
pharmacy-02.jpg,National Cancer Institute,https://unsplash.com/photos/pharmacist-reaching-for-medication-on-shelf-byGTytEGjBo,Unsplash License,https://unsplash.com/license,5、14、23
pharmacy-03.jpg,paws and prints,https://unsplash.com/photos/sQjHIOhiL0E,Unsplash License,https://unsplash.com/license,14、19
hospital-02.jpg,Tasha Kostyuk,https://unsplash.com/photos/empty-hospital-corridor-with-benches-and-doors-Pk-KuizxQv8,Unsplash License,https://unsplash.com/license,5、24
clinic-01.jpg,Martha Dominguez de Gouveia,https://unsplash.com/photos/hospital-lobby-reception-with-signage-nMyM7fxpokE,Unsplash License,https://unsplash.com/license,30
